{
    "creationDate" : "2015-03-03T11:39:11.228",
    "linearObjects" : [
                       {
                       "x2" : 1.679621446408986,
                       "orientation" : 254.4395141601562,
                       "x1" : 2.001528057853256,
                       "y2" : 1.510001679241709,
                       "type" : 0,
                       "y1" : 0.3539843205880998
                       }
                       ],
    "beacons" : [
                 {
                 "position" : {
                 "x" : 2.093286654896892,
                 "y" : 0.02446474187479238,
                 "orientation" : 254.4395141601562
                 },
                 "beacon" : {
                 "mac" : "efa4760cb389",
                 "color" : 2
                 }
                 },
                 {
                 "position" : {
                 "x" : 1.620384354716221,
                 "y" : -2.354249484809577,
                 "orientation" : 351.4267639160156
                 },
                 "beacon" : {
                 "mac" : "f9dad9765b87",
                 "color" : 1
                 }
                 },
                 {
                 "position" : {
                 "x" : -1.990122435150833,
                 "y" : -1.56080597845335,
                 "orientation" : 76.10728454589844
                 },
                 "beacon" : {
                 "mac" : "c466a16c73e0",
                 "color" : 0
                 }
                 },
                 {
                 "position" : {
                 "x" : -0.9540579292088114,
                 "y" : 2.005640338773333,
                 "orientation" : 159.5066772460937
                 },
                 "beacon" : {
                 "mac" : "d5d048505048",
                 "color" : 0
                 }
                 }
                 ],
    "walls" : [
               {
               "x2" : -1.671136220835988,
               "orientation" : 351.4267639160156,
               "x1" : 2.709928152161605,
               "y2" : -2.850472583708367,
               "y1" : -2.189992027763725
               },
               {
               "x2" : -2.709928152161605,
               "orientation" : 76.10728454589844,
               "x1" : -1.671136220835988,
               "y2" : 1.349380587114585,
               "y1" : -2.850472583708367
               },
               {
               "x2" : 1.30635157864587,
               "orientation" : 159.5066772460937,
               "x1" : -2.709928152161605,
               "y2" : 2.850472583708366,
               "y1" : 1.349380587114585
               },
               {
               "x2" : 2.709928152161605,
               "orientation" : 254.4395141601562,
               "x1" : 1.30635157864587,
               "y2" : -2.189992027763725,
               "y1" : 2.850472583708366
               }
               ],
    "name" : "Test",
    "orientation" : 0
}